[
{"scraped_at": "2021-04-22 12:53:37", "address": "2485 Opdyke, Auburn Hills, MI  48326", "building_name": "2485 Opdyke", "description": ["<meta content=\"Vacant Parcel: 163\u2019 x 192\u2019 (Approx. 3/4 Acre).  Busy Traffic Area with Easy Access to I-75.  Zoned B-2 / Redevelopment Site.  Ideal for Bank, Credit Union, Fast Food, etc.\" property=\"og:description\">"], "latitude": "42.6781142", "longitude": "-83.2463622", "url": "https://www.armadarealestate.com/inventory.aspx?propertyId=248786-sale", "transaction_type": "For Sale", "size": "0.75 Acres", "contacts": {"name": "Bob Richardson", "telephone": ["(O) 248.855.1221", "(F) 248.855.1261"], "email": "brichardson@armadarealestate.com"}, "sale_or_rent": "Negotiable", "brochure_link": ["https://buildout.com/docs/documents/650011?token=7d0ef5f4e04d7eec306c72f12df5fa2184db7fef"], "language": "en-US"}
]